{
  "Author": "akira0245, Ori, Maintained by Kalle",
  "Name": "MidiBard 2 (Beta)",
  "InternalName": "MidiBard2 (Beta)",
  "AssemblyVersion": "2.7.1.2",
  "Description": "Bard performance using midi files or keyboard.\n- Solo and ensemble mode support\n- Text commands for instrument equip and switch\nSupported by FFXIV Bards & Bands Community: discord.gg/ff14bard",
  "ApplicableVersion": "any",
  "RepoUrl": "https://midibard.org",
  "Tags": [
    "music",
    "utility",
    "midi",
    "bard"
  ],
  "DalamudApiLevel": 12,
  "LoadRequiredState": 0,
  "LoadSync": false,
  "CanUnloadAsync": false,
  "LoadPriority": 0,
  "ImageUrls": [
    "https://i.imgur.com/1R13XF0.png"
  ],
  "IconUrl": "https://i.imgur.com/OSxqew4.png",
  "Punchline": "Bard performance using midi files or keyboard.\nSupported by FFXIV Bards & Bands Community: discord.gg/ff14bard",
  "Changelog": "Dawntrail 7.2 Update. Upgraded to Dalamud API 12.",
  "AcceptsFeedback": false
}